DateTime,SpotPrice_RRP,PredictedPrice_90q
2025-04-05 13:30:00,-32.99,-21.185143623598858
2025-04-05 14:00:00,-31.72,-16.83892784095728
2025-04-05 14:30:00,-26.56,-6.640035242584096
2025-04-05 15:00:00,-23.9,9.044990493914005
2025-04-05 15:30:00,-8.17,29.93833098244789
2025-04-05 16:00:00,66.01,43.81222882847312
2025-04-05 16:30:00,31.92,91.20700230354029
2025-04-05 17:00:00,111.77,74.04401133958312
2025-04-05 17:30:00,221.82,189.7144382405402
2025-04-05 18:00:00,225.3,265.18154945691145
2025-04-05 18:30:00,206.23,258.8749333660448
2025-04-05 19:00:00,171.73,227.5669921808743
2025-04-05 19:30:00,176.8,181.75872480177011
2025-04-05 20:00:00,176.19,199.39915385142984
2025-04-05 20:30:00,182.3,204.58254822193945
2025-04-05 21:00:00,168.5,203.80148637469506
2025-04-05 21:30:00,168.67,185.68246110154323
2025-04-05 22:00:00,160.44,189.44192488003884
2025-04-05 22:30:00,158.76,185.75420249024668
2025-04-05 23:00:00,147.44,179.64065315547552
2025-04-05 23:30:00,148.25,164.25126401981052
2025-04-06 00:00:00,128.58,153.70930757900763
2025-04-06 00:30:00,117.52,135.3650146340863
2025-04-06 01:00:00,115.35,129.93682291975833
2025-04-06 01:30:00,93.66,128.31545812663336
2025-04-06 02:00:00,87.32,94.6023613697631
2025-04-06 02:30:00,93.05,89.38934637443137
2025-04-06 03:00:00,86.65,96.67299401091314
2025-04-06 03:30:00,111.54,91.43887715683769
2025-04-06 04:00:00,111.96,118.93286577461757
2025-04-06 04:30:00,100.1,119.17731752691547
2025-04-06 05:00:00,109.03,107.29046827720079
2025-04-06 05:30:00,112.68,114.90612100041358
2025-04-06 06:00:00,109.0,126.52480373797496
2025-04-06 06:30:00,111.96,123.33132563518227
2025-04-06 07:00:00,68.74,123.88774551218899
2025-04-06 07:30:00,8.55,72.10636394294542
2025-04-06 08:00:00,-8.68,34.880765194279995
2025-04-06 08:30:00,1.02,22.18649389877622
2025-04-06 09:00:00,-22.67,8.041931269521745
2025-04-06 09:30:00,-27.73,-15.04493079837492
2025-04-06 10:00:00,-30.04,-16.236774303911513
2025-04-06 10:30:00,-29.01,-19.96773127171484
2025-04-06 11:00:00,-27.9,-19.31061254548439
2025-04-06 11:30:00,-28.6,-12.690115803842732
2025-04-06 12:00:00,-30.01,-4.293479655377842
2025-04-06 12:30:00,-29.38,-14.342405852106268
2025-04-06 13:00:00,-29.31,-15.39189461253093
2025-04-06 13:30:00,-27.59,-15.275392329606092
2025-04-06 14:00:00,-25.27,-5.7954547164024754
2025-04-06 14:30:00,-9.64,11.371436643820205
2025-04-06 15:00:00,3.19,39.956467187503954
2025-04-06 15:30:00,45.26,41.296483778760866
2025-04-06 16:00:00,27.04,72.34787248887488
2025-04-06 16:30:00,68.69,60.396820198304134
2025-04-06 17:00:00,114.71,106.9579452371907
2025-04-06 17:30:00,179.05,192.31859188855253
2025-04-06 18:00:00,267.85,256.7073356632995
2025-04-06 18:30:00,254.75,315.83546286149874
2025-04-06 19:00:00,160.54,222.45517507974586
2025-04-06 19:30:00,154.8,176.67043781419304
2025-04-06 20:00:00,124.99,168.25844468568195
2025-04-06 20:30:00,126.32,135.66579953051647
2025-04-06 21:00:00,120.87,138.58931934596038
2025-04-06 21:30:00,144.52,137.7023860205814
2025-04-06 22:00:00,121.34,169.47923597631012
2025-04-06 22:30:00,136.39,137.16409095373152
2025-04-06 23:00:00,132.2,146.58304915466928
2025-04-06 23:30:00,144.06,140.72431621689344
2025-04-07 00:00:00,148.62,157.29197855643451
2025-04-07 00:30:00,138.1,155.9668662506277
2025-04-07 01:00:00,126.99,145.60141608000265
2025-04-07 01:30:00,113.77,134.86431770341804
2025-04-07 02:00:00,112.55,130.85566119037586
2025-04-07 02:30:00,108.68,118.74205318923597
2025-04-07 03:00:00,112.68,118.16961543728817
2025-04-07 03:30:00,107.41,126.0560226114988
2025-04-07 04:00:00,102.87,111.58794018900987
2025-04-07 04:30:00,85.47,108.2274970961564
2025-04-07 05:00:00,79.46,95.92264669858427
2025-04-07 05:30:00,99.8,90.11889290612429
2025-04-07 06:00:00,109.66,115.16613364959639
2025-04-07 06:30:00,141.66,136.66241415798223
2025-04-07 07:00:00,82.65,194.4679836868271
2025-04-07 07:30:00,10.51,90.1253074486112
2025-04-07 08:00:00,-6.37,41.676411037987734
2025-04-07 08:30:00,19.92,33.27763714158773
2025-04-07 09:00:00,-8.52,45.69554095093903
2025-04-07 09:30:00,-23.76,30.278659410429224
2025-04-07 10:00:00,-26.73,-3.00114291342633
2025-04-07 10:30:00,-28.31,-9.671560578212784
2025-04-07 11:00:00,-30.31,-11.610875342353701
2025-04-07 11:30:00,-30.91,-17.069438725393947
2025-04-07 12:00:00,-30.49,-12.809896016802876
2025-04-07 12:30:00,-30.39,-13.508512187532435
2025-04-07 13:00:00,-29.6,-12.982066812885307
2025-04-07 13:30:00,-26.64,-7.246891155577803
2025-04-07 14:00:00,-25.19,4.057678287454362
2025-04-07 14:30:00,-23.21,19.829154866567944
2025-04-07 15:00:00,-16.69,19.054950209904042
2025-04-07 15:30:00,9.61,38.47127974158504
2025-04-07 16:00:00,83.5,60.68611018321699
2025-04-07 16:30:00,86.21,134.93420274826204
2025-04-07 17:00:00,396.5,162.7419044397399
2025-04-07 17:30:00,4171.23,1264.8799447439374
2025-04-07 18:00:00,799.28,14051.831004754953
2025-04-07 18:30:00,678.03,2797.1535863475287
2025-04-07 19:00:00,429.36,1966.4586667580136
2025-04-07 19:30:00,191.29,1483.3872524181706
2025-04-07 20:00:00,215.12,202.5749909362452
2025-04-07 20:30:00,202.23,642.2138202453629
2025-04-07 21:00:00,182.25,215.89249594264916
2025-04-07 21:30:00,224.2,207.01291337000305
2025-04-07 22:00:00,258.01,242.97602933176532
2025-04-07 22:30:00,281.5,272.6572380689406
2025-04-07 23:00:00,281.72,275.8717927279156
2025-04-07 23:30:00,279.29,378.00581419571785
2025-04-08 00:00:00,290.71,388.2707162310761
2025-04-08 00:30:00,187.68,285.4421516929695
2025-04-08 01:00:00,167.82,222.41294659741408
2025-04-08 01:30:00,186.7,186.6336018801017
2025-04-08 02:00:00,158.27,214.7062691849902
2025-04-08 02:30:00,163.27,177.13418191207325
2025-04-08 03:00:00,156.1,178.57099521966938
2025-04-08 03:30:00,158.68,172.7275828734524
2025-04-08 04:00:00,161.99,182.56893786756476
2025-04-08 04:30:00,166.39,182.64170448073213
2025-04-08 05:00:00,173.24,200.79731658222818
2025-04-08 05:30:00,173.91,205.4108081605652
2025-04-08 06:00:00,192.99,215.42036425936544
2025-04-08 06:30:00,287.56,247.2777649510102
2025-04-08 07:00:00,295.71,290.83171637519035
2025-04-08 07:30:00,81.3,288.41357609406975
2025-04-08 08:00:00,46.0,93.9851758040672
2025-04-08 08:30:00,51.41,68.15071090900653
2025-04-08 09:00:00,36.8,70.32774714840727
2025-04-08 09:30:00,48.98,59.29423458664206
2025-04-08 10:00:00,52.97,66.17921486251815
2025-04-08 10:30:00,34.98,63.91440114493721
2025-04-08 11:00:00,34.98,54.18366531581929
2025-04-08 11:30:00,12.24,52.742844644600126
2025-04-08 12:00:00,49.56,41.34502775133913
2025-04-08 12:30:00,36.69,65.04057430480913
2025-04-08 13:00:00,16.53,62.82322664466753
2025-04-08 13:30:00,20.63,52.894046489833315
2025-04-08 14:00:00,45.45,55.70305433408544
2025-04-08 14:30:00,49.96,69.47993112176165
2025-04-08 15:00:00,48.05,80.23185277833657
2025-04-08 15:30:00,65.45,86.5995636696954
2025-04-08 16:00:00,76.81,92.55834823247572
2025-04-08 16:30:00,109.39,125.2771155320829
2025-04-08 17:00:00,196.14,190.3749548350575
2025-04-08 17:30:00,364.69,271.2436813076919
2025-04-08 18:00:00,242.15,2682.854842911152
2025-04-08 18:30:00,213.83,1113.6361363365222
2025-04-08 19:00:00,234.05,644.1634175398291
2025-04-08 19:30:00,160.22,644.6037624137253
2025-04-08 20:00:00,152.81,180.96391670428633
2025-04-08 20:30:00,153.86,175.05220786812666
2025-04-08 21:00:00,158.9,175.30395586364358
2025-04-08 21:30:00,156.78,185.3174158555142
2025-04-08 22:00:00,124.06,180.0684995519373
2025-04-08 22:30:00,159.33,144.46787608570514
2025-04-08 23:00:00,152.8,188.29450551342572
2025-04-08 23:30:00,159.97,182.271952733405
2025-04-09 00:00:00,140.83,192.28891297157733
2025-04-09 00:30:00,138.51,168.6088790797677
2025-04-09 01:00:00,138.7,149.1290711028483
2025-04-09 01:30:00,137.4,163.55969343406628
2025-04-09 02:00:00,127.68,146.8188697282586
2025-04-09 02:30:00,126.24,138.27451820651325
2025-04-09 03:00:00,119.36,136.92132078258126
2025-04-09 03:30:00,125.85,135.95972645434713
2025-04-09 04:00:00,129.58,136.81897024297808
2025-04-09 04:30:00,137.54,143.26821457142208
2025-04-09 05:00:00,134.47,153.24560810637283
2025-04-09 05:30:00,150.07,155.9374208054983
2025-04-09 06:00:00,163.61,182.83763222658382
2025-04-09 06:30:00,228.68,206.91510519545275
2025-04-09 07:00:00,163.45,258.6883604570894
2025-04-09 07:30:00,88.46,201.60714785090187
2025-04-09 08:00:00,72.84,102.65298984766615
2025-04-09 08:30:00,71.76,85.43504186820962
2025-04-09 09:00:00,35.39,81.45982423433547
2025-04-09 09:30:00,35.93,56.783831615144074
2025-04-09 10:00:00,34.71,56.48339871192281
2025-04-09 10:30:00,43.43,53.488465427703346
2025-04-09 11:00:00,49.11,59.77211729059725
2025-04-09 11:30:00,43.3,62.40259380407929
2025-04-09 12:00:00,44.93,59.991190390062805
2025-04-09 12:30:00,31.6,59.403456510161504
2025-04-09 13:00:00,40.7,52.81735042144816
2025-04-09 13:30:00,50.72,61.505053815764136
2025-04-09 14:00:00,63.01,70.10078771482107
2025-04-09 14:30:00,83.53,82.2283904287969
2025-04-09 15:00:00,86.23,110.5739288361602
2025-04-09 15:30:00,97.28,108.63515247092637
2025-04-09 16:00:00,98.98,152.49669276879433
2025-04-09 16:30:00,165.61,169.66722941019916
2025-04-09 17:00:00,247.66,262.35863652005486
2025-04-09 17:30:00,6191.28,373.81024975415465
2025-04-09 18:00:00,3058.0,15819.678073544295
2025-04-09 18:30:00,242.02,15556.510481478485
2025-04-09 19:00:00,134.65,1084.0863639439403
2025-04-09 19:30:00,217.36,145.25299891883967
2025-04-09 20:00:00,244.59,641.4710353318978
2025-04-09 20:30:00,258.08,293.36298006896345
2025-04-09 21:00:00,181.27,300.1635940691352
2025-04-09 21:30:00,158.97,209.62439832347644
2025-04-09 22:00:00,150.82,188.13198544780198
2025-04-09 22:30:00,156.32,183.82490260933562
2025-04-09 23:00:00,151.65,183.16432863298581
2025-04-09 23:30:00,143.36,179.26661811950245
2025-04-10 00:00:00,137.32,168.36342738339275
2025-04-10 00:30:00,127.7,147.11262984276948
2025-04-10 01:00:00,119.94,136.89127119371338
2025-04-10 01:30:00,114.45,124.77098131103148
2025-04-10 02:00:00,104.81,131.36032795410142
2025-04-10 02:30:00,96.48,106.5943664663308
2025-04-10 03:00:00,88.26,108.12675349458189
2025-04-10 03:30:00,92.3,96.12414287633666
2025-04-10 04:00:00,95.75,104.41854268198945
2025-04-10 04:30:00,86.64,105.04262913012037
2025-04-10 05:00:00,92.51,100.21053767929669
2025-04-10 05:30:00,107.39,107.05980900413151
2025-04-10 06:00:00,116.23,121.50195321150557
2025-04-10 06:30:00,149.54,157.62149224339296
2025-04-10 07:00:00,145.16,194.80823609602936
2025-04-10 07:30:00,111.34,180.0069508996487
2025-04-10 08:00:00,76.71,129.13158657218378
2025-04-10 08:30:00,95.73,83.53784790973357
2025-04-10 09:00:00,62.32,101.27910368896995
2025-04-10 09:30:00,48.31,71.69047572902232
2025-04-10 10:00:00,39.62,66.85412101450946
2025-04-10 10:30:00,18.88,61.165176726469554
2025-04-10 11:00:00,-16.28,47.356710164989025
2025-04-10 11:30:00,3.0,22.595874626935068
2025-04-10 12:00:00,-3.79,36.727572072694954
2025-04-10 12:30:00,15.25,36.19636556607227
2025-04-10 13:00:00,-20.47,48.92839583271641
2025-04-10 13:30:00,11.32,27.301755583302384
2025-04-10 14:00:00,44.41,55.49712054004764
2025-04-10 14:30:00,41.29,70.9386999612118
2025-04-10 15:00:00,84.68,83.58256113706997
2025-04-10 15:30:00,67.91,107.74447709515415
2025-04-10 16:00:00,59.89,103.12296958369922
2025-04-10 16:30:00,132.96,116.72187650091631
2025-04-10 17:00:00,158.43,293.91609330695843
2025-04-10 17:30:00,453.07,350.44226996354087
2025-04-10 18:00:00,761.97,2845.6618656009396
2025-04-10 18:30:00,357.81,2242.0960782256298
2025-04-10 19:00:00,209.87,1414.8000611799866
2025-04-10 19:30:00,161.05,214.14629117812441
2025-04-10 20:00:00,158.5,180.08794034717837
2025-04-10 20:30:00,155.21,179.3906174312524
2025-04-10 21:00:00,130.93,180.1934054471893
2025-04-10 21:30:00,119.37,141.07145611418574
2025-04-10 22:00:00,110.94,140.07664135469992
2025-04-10 22:30:00,106.73,129.24090688160754
2025-04-10 23:00:00,115.89,114.84058447200165
2025-04-10 23:30:00,114.93,133.00001553322656
2025-04-11 00:00:00,115.6,130.16123327426104
2025-04-11 00:30:00,120.74,127.54453073912359
2025-04-11 01:00:00,125.0,129.03926756867753
2025-04-11 01:30:00,119.24,133.52654268420096
2025-04-11 02:00:00,119.19,129.2970481599377
2025-04-11 02:30:00,109.7,129.83885215176306
2025-04-11 03:00:00,111.97,118.96946237935275
2025-04-11 03:30:00,96.89,126.98192404681949
2025-04-11 04:00:00,95.56,112.43724951399201
2025-04-11 04:30:00,120.12,103.03467571483858
2025-04-11 05:00:00,122.97,140.97763390508723
2025-04-11 05:30:00,136.0,144.01891829591094
2025-04-11 06:00:00,159.32,158.56056835440154
2025-04-11 06:30:00,202.89,207.06466800259517
2025-04-11 07:00:00,180.23,233.30293108195966
2025-04-11 07:30:00,108.45,214.85596450816416
2025-04-11 08:00:00,41.33,115.16238630782293
2025-04-11 08:30:00,40.49,65.54744923805805
2025-04-11 09:00:00,9.82,59.94797474853357
2025-04-11 09:30:00,4.03,36.976066888369495
2025-04-11 10:00:00,-3.74,32.8103497140409
2025-04-11 10:30:00,-10.17,30.766718135732045
2025-04-11 11:00:00,-15.42,22.459648326139696
2025-04-11 11:30:00,-18.4,14.105321099091181
2025-04-11 12:00:00,-12.94,23.167027405961132
2025-04-11 12:30:00,1.86,29.135445204105967
2025-04-11 13:00:00,-1.03,41.01988160136406
2025-04-11 13:30:00,18.2,43.17385883314089
2025-04-11 14:00:00,35.49,58.524401450495205
2025-04-11 14:30:00,62.45,68.20021131883563
2025-04-11 15:00:00,80.26,98.33932603937403
2025-04-11 15:30:00,77.38,109.86337688344388
2025-04-11 16:00:00,115.91,126.31366507531958
2025-04-11 16:30:00,143.37,198.90763544245513
2025-04-11 17:00:00,181.56,215.1325893722021
2025-04-11 17:30:00,282.43,243.33466024588708
2025-04-11 18:00:00,257.95,1498.3337493227439
2025-04-11 18:30:00,151.37,690.9667835148583
2025-04-11 19:00:00,135.7,162.44066269893895
2025-04-11 19:30:00,121.49,146.9682192193106
2025-04-11 20:00:00,105.21,134.86007007067184
2025-04-11 20:30:00,109.69,120.36335511314014
2025-04-11 21:00:00,109.02,127.60071791004601
2025-04-11 21:30:00,114.67,123.88214956403634
2025-04-11 22:00:00,107.7,140.22148483319728
2025-04-11 22:30:00,107.0,127.28863128173637
2025-04-11 23:00:00,104.42,115.13214966583546
2025-04-11 23:30:00,108.38,112.82735518279021
2025-04-12 00:00:00,102.08,113.54400757855782
2025-04-12 00:30:00,92.77,108.81728546932806
2025-04-12 01:00:00,91.19,101.2896517877335
2025-04-12 01:30:00,82.49,94.69961810301068
2025-04-12 02:00:00,70.09,89.0109757472055
2025-04-12 02:30:00,73.37,77.92663694294104
2025-04-12 03:00:00,64.12,80.33728408507477
2025-04-12 03:30:00,65.11,71.72272471110404
2025-04-12 04:00:00,71.73,72.63261286875506
2025-04-12 04:30:00,76.63,80.66484254054083
2025-04-12 05:00:00,76.98,80.90238924574378
2025-04-12 05:30:00,74.61,83.25195685606198
2025-04-12 06:00:00,79.7,85.14544585102502
2025-04-12 06:30:00,98.44,94.78050781171062
2025-04-12 07:00:00,94.67,117.81870682071178
2025-04-12 07:30:00,41.57,102.5428770601362
2025-04-12 08:00:00,-4.99,60.12502840885276
2025-04-12 08:30:00,-1.58,33.237726684379915
2025-04-12 09:00:00,-8.81,30.767007344138705
2025-04-12 09:30:00,1.22,31.626326429382104
2025-04-12 10:00:00,-5.49,29.690035802300162
2025-04-12 10:30:00,-12.93,23.42136905008933
2025-04-12 11:00:00,-8.67,20.62357246467133
2025-04-12 11:30:00,-10.85,26.70710265269496
2025-04-12 12:00:00,2.39,29.32467429622015
2025-04-12 12:30:00,-2.44,32.91532442569693
2025-04-12 13:00:00,-0.49,34.19634365278209
2025-04-12 13:30:00,15.89,35.81283826087083
2025-04-12 14:00:00,48.67,54.17470101220645
2025-04-12 14:30:00,36.43,68.86187852630306
2025-04-12 15:00:00,68.79,65.80077004114389
2025-04-12 15:30:00,50.56,95.5177367393445
2025-04-12 16:00:00,63.05,84.93661405125425
2025-04-12 16:30:00,96.28,108.6847727347962
2025-04-12 17:00:00,195.0,173.29972977470132
2025-04-12 17:30:00,411.3,260.099023420489
2025-04-12 18:00:00,296.65,1269.9294972356158
2025-04-12 18:30:00,294.31,344.0104389200183
2025-04-12 19:00:00,235.04,338.5890675065915
2025-04-12 19:30:00,202.7,223.50052017543743
2025-04-12 20:00:00,195.48,208.2382914434963
2025-04-12 20:30:00,183.63,219.10903885847958
2025-04-12 21:00:00,156.79,210.5256747146476
2025-04-12 21:30:00,139.11,182.41818127513736
2025-04-12 22:00:00,146.01,174.9866316029862
2025-04-12 22:30:00,141.21,178.3309474390997
2025-04-12 23:00:00,109.4,168.76515600257773
2025-04-12 23:30:00,95.51,118.04216790295307
2025-04-13 00:00:00,89.78,99.76317696590418
2025-04-13 00:30:00,86.77,99.10833951974782
2025-04-13 01:00:00,79.89,93.91416951607968
2025-04-13 01:30:00,79.98,84.62560074612922
2025-04-13 02:00:00,97.76,87.92854428541487
2025-04-13 02:30:00,93.15,106.2412952257972
2025-04-13 03:00:00,100.56,95.81665078315048
2025-04-13 03:30:00,102.9,106.90172390280034
2025-04-13 04:00:00,101.71,107.3555387558323
2025-04-13 04:30:00,84.11,106.79723597960212
2025-04-13 05:00:00,82.21,90.77702406512968
2025-04-13 05:30:00,79.14,86.74252090726368
2025-04-13 06:00:00,76.75,86.33819643617375
2025-04-13 06:30:00,80.63,85.47918969441338
2025-04-13 07:00:00,47.23,88.45123894650035
2025-04-13 07:30:00,15.91,63.0102980975753
2025-04-13 08:00:00,-9.15,41.74765083969266
2025-04-13 08:30:00,-18.3,28.969934938715202
2025-04-13 09:00:00,-24.46,18.414463409751836
2025-04-13 09:30:00,-22.17,-6.317772931846969
2025-04-13 10:00:00,-23.78,-13.561593100022584
2025-04-13 10:30:00,-24.55,-12.698509793532958
2025-04-13 11:00:00,-26.36,-10.406054410734633
2025-04-13 11:30:00,-27.27,-11.262330781703218
2025-04-13 12:00:00,-27.24,-6.628043176218332
2025-04-13 12:30:00,-24.46,-7.581948509865572
2025-04-13 13:00:00,-25.03,-7.673780918952672
2025-04-13 13:30:00,-23.61,-4.846673468397799
2025-04-13 14:00:00,-22.5,16.99050698464581
2025-04-13 14:30:00,-18.52,16.398679263435216
2025-04-13 15:00:00,-2.35,34.837960948052476
2025-04-13 15:30:00,24.74,50.888694792144356
2025-04-13 16:00:00,74.22,70.39454766320482
2025-04-13 16:30:00,73.68,113.18059852292619
2025-04-13 17:00:00,157.72,143.8650397896602
2025-04-13 17:30:00,182.46,249.86030684064036
2025-04-13 18:00:00,199.5,261.1822889243664
2025-04-13 18:30:00,180.02,245.54621266094927
2025-04-13 19:00:00,172.55,198.47157897293434
2025-04-13 19:30:00,162.14,184.17144470646681
2025-04-13 20:00:00,158.64,182.26642733243855
2025-04-13 20:30:00,150.72,181.86404414904732
2025-04-13 21:00:00,145.42,166.07443502340448
2025-04-13 21:30:00,152.65,172.6744672122286
2025-04-13 22:00:00,152.67,178.29955333259815
2025-04-13 22:30:00,154.95,176.6692637341056
2025-04-13 23:00:00,152.06,177.5342786780064
2025-04-13 23:30:00,156.3,171.32006712640938
2025-04-14 00:00:00,144.1,176.60268453656667
2025-04-14 00:30:00,146.27,162.3491526693186
2025-04-14 01:00:00,129.08,157.3103038790417
2025-04-14 01:30:00,123.72,136.57530313211745
2025-04-14 02:00:00,118.51,133.1102747725866
2025-04-14 02:30:00,117.83,128.19152284800347
2025-04-14 03:00:00,109.64,132.24160457313573
2025-04-14 03:30:00,107.93,117.3964672596736
2025-04-14 04:00:00,106.32,112.88849130178002
2025-04-14 04:30:00,110.33,113.02140618152599
2025-04-14 05:00:00,104.74,126.23492113941299
2025-04-14 05:30:00,119.28,118.73829629261625
2025-04-14 06:00:00,118.49,143.0066217260543
2025-04-14 06:30:00,142.14,151.30539218317298
2025-04-14 07:00:00,146.99,185.1225103404915
2025-04-14 07:30:00,96.45,182.6493733659629
2025-04-14 08:00:00,49.65,115.90996928199401
2025-04-14 08:30:00,-4.04,69.23627350056839
2025-04-14 09:00:00,21.85,35.555003999302876
2025-04-14 09:30:00,9.27,48.30371711217822
2025-04-14 10:00:00,12.06,37.48958993807247
2025-04-14 10:30:00,5.33,37.28459856439329
2025-04-14 11:00:00,12.2,32.69395511549421
2025-04-14 11:30:00,5.89,35.9586395898534
2025-04-14 12:00:00,29.09,39.36756969940165
2025-04-14 12:30:00,28.47,51.17985910845658
2025-04-14 13:00:00,7.58,53.511900306502675
2025-04-14 13:30:00,27.87,41.02187074476542
2025-04-14 14:00:00,51.68,59.44724330681112
2025-04-14 14:30:00,53.25,80.59153883569762
2025-04-14 15:00:00,37.2,87.60453425385013
2025-04-14 15:30:00,53.83,82.83666907515436
2025-04-14 16:00:00,58.0,97.55543804286575
2025-04-14 16:30:00,89.24,110.9276769416487
2025-04-14 17:00:00,131.63,142.37088308932215
2025-04-14 17:30:00,280.11,189.95714578400066
2025-04-14 18:00:00,195.9,276.0677237953633
2025-04-14 18:30:00,153.9,257.9659107148383
2025-04-14 19:00:00,136.46,176.04065421542066
2025-04-14 19:30:00,113.18,151.2096318983357
2025-04-14 20:00:00,99.55,127.17764313294164
2025-04-14 20:30:00,108.68,118.25055010950325
2025-04-14 21:00:00,109.38,129.6231818967707
2025-04-14 21:30:00,92.51,120.52720847831915
2025-04-14 22:00:00,78.56,106.86883353825509
2025-04-14 22:30:00,96.13,91.91168403775282
2025-04-14 23:00:00,85.65,114.98474068115138
2025-04-14 23:30:00,82.21,98.2271484757499
2025-04-15 00:00:00,71.69,89.6549413891675
2025-04-15 00:30:00,79.91,81.99562602201969
2025-04-15 01:00:00,77.94,84.8869484632274
2025-04-15 01:30:00,67.81,85.47275121489065
2025-04-15 02:00:00,61.2,78.01267695683786
2025-04-15 02:30:00,57.23,72.69092269663564
2025-04-15 03:00:00,60.56,65.89680408690954
2025-04-15 03:30:00,68.82,72.54338626374143
2025-04-15 04:00:00,74.04,81.19878908394759
2025-04-15 04:30:00,76.75,84.45502848681151
2025-04-15 05:00:00,76.92,87.02366174442678
2025-04-15 05:30:00,77.53,90.03649830906653
2025-04-15 06:00:00,80.07,92.13096629968466
2025-04-15 06:30:00,125.55,103.82989917160107
2025-04-15 07:00:00,129.2,147.65734842280114
2025-04-15 07:30:00,85.55,151.14383859054638
2025-04-15 08:00:00,17.55,100.4624007368712
2025-04-15 08:30:00,23.08,55.32191916587908
2025-04-15 09:00:00,42.53,59.74737484406913
2025-04-15 09:30:00,38.38,69.66496305641529
2025-04-15 10:00:00,22.86,71.89782506775424
2025-04-15 10:30:00,12.12,51.146925020712274
2025-04-15 11:00:00,6.47,42.28915134647707
2025-04-15 11:30:00,14.87,37.63345881918657
2025-04-15 12:00:00,45.17,44.24360205485768
2025-04-15 12:30:00,42.67,61.3141141756909
2025-04-15 13:00:00,27.19,62.50056503353286
2025-04-15 13:30:00,-6.4,51.92207096271071
2025-04-15 14:00:00,19.54,44.42309720648732
2025-04-15 14:30:00,78.63,57.041072396210986
2025-04-15 15:00:00,92.86,101.3960870533678
2025-04-15 15:30:00,84.76,124.38158822130423
2025-04-15 16:00:00,85.94,118.80172080497952
2025-04-15 16:30:00,142.85,130.2143720669732
2025-04-15 17:00:00,187.99,235.31816450118276
2025-04-15 17:30:00,231.53,255.88727935056997
2025-04-15 18:00:00,268.04,255.2955403646058
2025-04-15 18:30:00,200.53,960.4297267998182
2025-04-15 19:00:00,166.95,203.27352566072935
2025-04-15 19:30:00,161.66,181.81363472612267
2025-04-15 20:00:00,156.25,182.18380436276894
2025-04-15 20:30:00,160.65,177.3484491221973
2025-04-15 21:00:00,159.94,180.29735751941342
2025-04-15 21:30:00,155.36,180.46368772896437
2025-04-15 22:00:00,142.36,175.96508632412926
2025-04-15 22:30:00,155.64,170.3564595495814
2025-04-15 23:00:00,142.16,176.78823457918838
2025-04-15 23:30:00,147.63,167.3916171792594
2025-04-16 00:00:00,132.35,166.02403341365874
2025-04-16 00:30:00,124.02,138.87412384461555
2025-04-16 01:00:00,115.08,133.3436047536152
2025-04-16 01:30:00,112.81,126.06475942147237
2025-04-16 02:00:00,104.55,122.64693228393924
2025-04-16 02:30:00,106.12,108.26925932230282
2025-04-16 03:00:00,100.58,109.59684611871677
2025-04-16 03:30:00,101.11,108.33862596751317
2025-04-16 04:00:00,87.69,112.46288919698512
2025-04-16 04:30:00,94.46,99.27789430238848
2025-04-16 05:00:00,90.46,107.48751304744681
2025-04-16 05:30:00,108.07,107.6074110940904
2025-04-16 06:00:00,119.94,126.18824989984977
2025-04-16 06:30:00,152.4,159.29242299011264
2025-04-16 07:00:00,157.43,189.50509469930043
2025-04-16 07:30:00,69.59,196.18877772892745
2025-04-16 08:00:00,60.22,85.06716846690401
2025-04-16 08:30:00,49.97,75.14829596849516
2025-04-16 09:00:00,44.21,69.83398217855117
2025-04-16 09:30:00,38.85,63.888545132472395
2025-04-16 10:00:00,41.23,63.83673823967779
2025-04-16 10:30:00,34.52,63.9853961195995
2025-04-16 11:00:00,37.12,56.91161098364313
2025-04-16 11:30:00,44.63,59.26739043746626
2025-04-16 12:00:00,37.51,61.38396510636469
2025-04-16 12:30:00,39.41,59.67465240005354
2025-04-16 13:00:00,23.83,59.21332416452245
2025-04-16 13:30:00,21.26,52.87939783695291
2025-04-16 14:00:00,19.51,54.17158194386723
2025-04-16 14:30:00,29.62,53.83084792246923
2025-04-16 15:00:00,41.04,62.06477466864883
2025-04-16 15:30:00,73.57,73.95477749526981
2025-04-16 16:00:00,118.49,109.51276130145838
2025-04-16 16:30:00,189.52,210.19017597546443
2025-04-16 17:00:00,202.46,274.9543664159832
2025-04-16 17:30:00,279.49,262.7874674872147
2025-04-16 18:00:00,293.37,301.70847434010943
2025-04-16 18:30:00,267.85,285.6882341800372
2025-04-16 19:00:00,200.01,253.13630300004482
2025-04-16 19:30:00,158.83,206.51756995605072
2025-04-16 20:00:00,139.98,178.7623821290352
2025-04-16 20:30:00,157.27,166.61980870015492
2025-04-16 21:00:00,154.54,175.57093256883346
2025-04-16 21:30:00,161.0,174.56317954221336
2025-04-16 22:00:00,147.01,176.6726512302541
2025-04-16 22:30:00,161.97,178.3012141459629
2025-04-16 23:00:00,162.46,182.02087995409016
2025-04-16 23:30:00,175.92,177.786270587773
2025-04-17 00:00:00,177.55,190.05984267170982
2025-04-17 00:30:00,156.78,205.10653613518946
2025-04-17 01:00:00,158.45,170.33813583276955
2025-04-17 01:30:00,137.42,177.039691553441
2025-04-17 02:00:00,130.82,144.2698054006504
2025-04-17 02:30:00,127.49,138.25340497218113
2025-04-17 03:00:00,135.69,142.2730700268645
2025-04-17 03:30:00,132.07,145.84743885304775
2025-04-17 04:00:00,128.23,149.41235432078773
2025-04-17 04:30:00,130.17,146.02097601246496
2025-04-17 05:00:00,136.31,148.5978479754243
2025-04-17 05:30:00,147.47,157.52396650385023
2025-04-17 06:00:00,149.91,190.11193388920594
2025-04-17 06:30:00,193.21,199.51266620851743
2025-04-17 07:00:00,192.92,235.44771822822415
2025-04-17 07:30:00,114.37,229.99105436962685
2025-04-17 08:00:00,56.67,138.24288746556175
2025-04-17 08:30:00,12.26,66.94607321052136
2025-04-17 09:00:00,27.78,42.646585331256695
2025-04-17 09:30:00,39.44,49.55799702365997
2025-04-17 10:00:00,44.79,56.08342966529662
2025-04-17 10:30:00,35.68,59.96288274043683
2025-04-17 11:00:00,28.05,53.98606284735769
2025-04-17 11:30:00,37.56,44.74936414012811
2025-04-17 12:00:00,20.94,56.55731027994461
2025-04-17 12:30:00,23.29,50.17202686337934
2025-04-17 13:00:00,33.16,50.4609915716415
2025-04-17 13:30:00,75.38,56.56743541518006
2025-04-17 14:00:00,62.19,86.84870641402051
2025-04-17 14:30:00,59.63,75.4236523811329
2025-04-17 15:00:00,47.15,86.05394676037007
2025-04-17 15:30:00,58.07,76.87618336639294
2025-04-17 16:00:00,83.87,88.06333570884878
2025-04-17 16:30:00,138.59,135.50464823197476
2025-04-17 17:00:00,273.34,248.26606146381658
2025-04-17 17:30:00,299.98,282.8810295446125
2025-04-17 18:00:00,299.99,358.0783142874746
2025-04-17 18:30:00,292.39,294.1746760467807
2025-04-17 19:00:00,261.78,276.32751569551186
2025-04-17 19:30:00,200.27,232.675264836849
2025-04-17 20:00:00,179.56,209.300182386247
2025-04-17 20:30:00,166.32,204.9363656863009
2025-04-17 21:00:00,185.2,178.70226992864158
2025-04-17 21:30:00,192.11,202.11543424238803
2025-04-17 22:00:00,208.09,210.55825562894768
2025-04-17 22:30:00,230.98,226.29096467987475
2025-04-17 23:00:00,262.69,235.24784993603055
2025-04-17 23:30:00,234.54,247.40379985975005
2025-04-18 00:00:00,199.47,234.40355269166415
2025-04-18 00:30:00,190.79,227.8285728710842
2025-04-18 01:00:00,167.72,216.2536099416127
2025-04-18 01:30:00,164.02,176.10161133832352
2025-04-18 02:00:00,149.73,177.03869526247797
2025-04-18 02:30:00,141.17,238.00123468504503
2025-04-18 03:00:00,140.76,245.3502319132281
2025-04-18 03:30:00,141.74,240.00039589937083
2025-04-18 04:00:00,142.05,160.51902471005425
2025-04-18 04:30:00,143.15,160.69032577237095
2025-04-18 05:00:00,153.5,178.3062747761636
2025-04-18 05:30:00,140.0,192.95761183311106
2025-04-18 06:00:00,146.58,184.08100058902548
2025-04-18 06:30:00,154.44,189.96717500383593
2025-04-18 07:00:00,125.43,194.54270492345296
2025-04-18 07:30:00,68.34,135.4787301259495
2025-04-18 08:00:00,-9.33,73.64222964192112
2025-04-18 08:30:00,-20.67,27.205753811352412
2025-04-18 09:00:00,-22.43,3.712438242390815
2025-04-18 09:30:00,-23.38,-8.893637016697859
2025-04-18 10:00:00,-26.76,-11.446320391436808
2025-04-18 10:30:00,-32.68,-11.03891615527887
2025-04-18 11:00:00,-37.22,-23.87031231059365
2025-04-18 11:30:00,-37.61,-26.805381308905343
2025-04-18 12:00:00,-35.45,-25.638908868298902
2025-04-18 12:30:00,-35.04,-22.977076437299996
2025-04-18 13:00:00,-33.47,-22.977076437299996
2025-04-18 13:30:00,-30.43,-21.30515102082546
2025-04-18 14:00:00,-28.55,-7.136444888999029
2025-04-18 14:30:00,-26.1,-0.6647373480299148
2025-04-18 15:00:00,-14.77,5.97890098769963
2025-04-18 15:30:00,-1.35,44.07897121516373
2025-04-18 16:00:00,40.37,47.414589975357636
2025-04-18 16:30:00,96.96,77.72315499938674
2025-04-18 17:00:00,199.14,161.48673708401003
2025-04-18 17:30:00,237.69,263.7848985229783
2025-04-18 18:00:00,199.13,260.2971755893925
2025-04-18 18:30:00,190.46,253.68134587644963
2025-04-18 19:00:00,177.94,200.72106669639052
2025-04-18 19:30:00,172.12,194.371577017204
2025-04-18 20:00:00,160.03,181.73494062680024
2025-04-18 20:30:00,162.0,178.59611806733213
2025-04-18 21:00:00,163.19,177.5487327008506
2025-04-18 21:30:00,161.01,179.57693855398168
2025-04-18 22:00:00,151.98,177.56310099795442
2025-04-18 22:30:00,162.0,171.48636695159053
2025-04-18 23:00:00,154.94,175.13320298376885
2025-04-18 23:30:00,153.46,169.73477623457254
2025-04-19 00:00:00,148.04,168.8734534100853
2025-04-19 00:30:00,133.39,154.96537033494894
2025-04-19 01:00:00,124.15,136.8852132546973
2025-04-19 01:30:00,102.17,131.66899132277558
2025-04-19 02:00:00,104.45,104.89457853035138
2025-04-19 02:30:00,91.04,104.10857658887865
2025-04-19 03:00:00,78.88,98.01730633846213
2025-04-19 03:30:00,91.53,83.90062866773935
2025-04-19 04:00:00,97.0,98.35556311798696
2025-04-19 04:30:00,96.78,107.95616664290166
2025-04-19 05:00:00,99.06,108.2779099836994
2025-04-19 05:30:00,97.18,109.38903068289045
2025-04-19 06:00:00,98.62,111.55473709432351
2025-04-19 06:30:00,106.59,114.53294963602286
2025-04-19 07:00:00,89.51,113.0401109269738
2025-04-19 07:30:00,37.93,98.42697944822696
2025-04-19 08:00:00,-7.8,54.11753943514078
2025-04-19 08:30:00,-18.79,28.82546032894888
2025-04-19 09:00:00,0.33,5.7813205754607155
2025-04-19 09:30:00,-23.85,12.791794359551636
2025-04-19 10:00:00,-23.93,-10.349938729256063
2025-04-19 10:30:00,-24.32,-10.981400586331223
2025-04-19 11:00:00,-25.43,-9.963005875273065
2025-04-19 11:30:00,-22.24,-10.981400586331223
2025-04-19 12:00:00,-22.3,-4.105584055755593
2025-04-19 12:30:00,-23.11,-3.6149162030764646
2025-04-19 13:00:00,-23.36,-3.1249747701611064
2025-04-19 13:30:00,-24.56,-5.071124916147981
2025-04-19 14:00:00,-24.82,0.08155717594731617
2025-04-19 14:30:00,4.44,4.039768139751053
2025-04-19 15:00:00,45.49,49.17721719641885
2025-04-19 15:30:00,31.46,68.42487536387347
2025-04-19 16:00:00,79.62,61.2433226803529
2025-04-19 16:30:00,100.72,110.00478306880541
2025-04-19 17:00:00,158.92,167.754663994828
2025-04-19 17:30:00,176.41,232.94268285214508
2025-04-19 18:00:00,175.31,249.23047082266046
2025-04-19 18:30:00,158.17,229.55591331734857
2025-04-19 19:00:00,144.84,173.92055538669757
2025-04-19 19:30:00,129.42,156.87969834407173
2025-04-19 20:00:00,115.68,134.43218122690223
2025-04-19 20:30:00,110.08,128.86743603521208
2025-04-19 21:00:00,126.96,121.66772705610428
2025-04-19 21:30:00,115.2,140.72752225272657
2025-04-19 22:00:00,108.7,131.59724355799852
2025-04-19 22:30:00,137.48,118.46764157460375
2025-04-19 23:00:00,146.07,144.1953912991331
2025-04-19 23:30:00,134.32,162.2519845250691
2025-04-20 00:00:00,110.44,139.82636065614585
2025-04-20 00:30:00,102.66,114.40411459820587
2025-04-20 01:00:00,94.35,106.1286297835508
2025-04-20 01:30:00,84.99,97.66046000981828
2025-04-20 02:00:00,76.76,91.39302585265085
2025-04-20 02:30:00,77.19,79.4088576942121
2025-04-20 03:00:00,76.54,79.194358117641
2025-04-20 03:30:00,75.36,78.63972860330804
2025-04-20 04:00:00,76.28,79.28048344486382
2025-04-20 04:30:00,75.18,78.46253704129873
2025-04-20 05:00:00,75.11,77.80616827228769
2025-04-20 05:30:00,72.8,78.61945756329365
2025-04-20 06:00:00,72.82,78.64136505625062
2025-04-20 06:30:00,63.96,79.02414144136688
2025-04-20 07:00:00,48.88,67.70011173800356
2025-04-20 07:30:00,6.42,59.059533184291304
2025-04-20 08:00:00,-14.32,31.59458772862576
2025-04-20 08:30:00,-16.51,9.145367867820235
2025-04-20 09:00:00,-23.21,2.805782060085304
2025-04-20 09:30:00,-26.07,-10.084260494042685
2025-04-20 10:00:00,-26.74,-12.561558662371072
2025-04-20 10:30:00,-27.3,-11.855597418053732
2025-04-20 11:00:00,-28.78,-11.56219995405568
2025-04-20 11:30:00,-30.68,-17.470904143320222
2025-04-20 12:00:00,-32.34,-13.646552308422017
2025-04-20 12:30:00,-32.17,-21.746142768286884
2025-04-20 13:00:00,-32.02,-21.78238452525568
2025-04-20 13:30:00,-26.76,-20.68242838101318
2025-04-20 14:00:00,-8.06,-0.4654042174773325
2025-04-20 14:30:00,58.65,32.962341879187164
2025-04-20 15:00:00,59.51,73.89069768908942
2025-04-20 15:30:00,56.44,89.54581422104663
2025-04-20 16:00:00,58.69,84.32766885328044
2025-04-20 16:30:00,73.21,100.90282990067548
2025-04-20 17:00:00,93.29,133.43350646519767
2025-04-20 17:30:00,86.68,137.64344316638488
2025-04-20 18:00:00,115.97,118.95438267590497
2025-04-20 18:30:00,109.52,171.05058079812704
2025-04-20 19:00:00,107.65,116.34090952720545
2025-04-20 19:30:00,98.21,117.84964392547984
2025-04-20 20:00:00,88.19,113.5715091192069
2025-04-20 20:30:00,80.02,99.69474162029456
2025-04-20 21:00:00,78.91,96.75636501338602
2025-04-20 21:30:00,78.28,89.96294775499938
2025-04-20 22:00:00,75.55,88.75786124922449
2025-04-20 22:30:00,67.44,89.72815918437483
2025-04-20 23:00:00,78.27,80.76116638156475
2025-04-20 23:30:00,79.48,86.71048910113147
2025-04-21 00:00:00,81.1,86.10491299593644
2025-04-21 00:30:00,83.05,86.91847750106871
2025-04-21 01:00:00,80.97,89.90314671753171
2025-04-21 01:30:00,76.39,86.00034671767834
2025-04-21 02:00:00,77.1,81.36755236031235
2025-04-21 02:30:00,76.92,81.41323963724882
2025-04-21 03:00:00,77.77,81.56961868869166
2025-04-21 03:30:00,76.77,84.40913625181074
2025-04-21 04:00:00,76.75,83.49597830927068
2025-04-21 04:30:00,76.27,82.84451030718405
2025-04-21 05:00:00,75.16,82.93593037628315
2025-04-21 05:30:00,75.94,81.74327242801182
2025-04-21 06:00:00,83.33,82.77192338719433
2025-04-21 06:30:00,87.13,96.35468464799035
2025-04-21 07:00:00,78.14,95.36451084189297
2025-04-21 07:30:00,33.94,84.98666775621756
2025-04-21 08:00:00,17.99,50.22075855653535
2025-04-21 08:30:00,23.73,43.885964387564655
2025-04-21 09:00:00,-4.44,45.11923557071257
2025-04-21 09:30:00,-1.14,30.335968186000247
2025-04-21 10:00:00,-20.31,20.411265015951663
2025-04-21 10:30:00,-22.54,6.755076148158704
2025-04-21 11:00:00,-24.21,-9.891685244866785
2025-04-21 11:30:00,-24.47,-6.937382956923817
2025-04-21 12:00:00,-22.5,-4.113101521742531
2025-04-21 12:30:00,-22.2,-2.6431530155262406
2025-04-21 13:00:00,-19.78,7.292494938319554
2025-04-21 13:30:00,27.02,19.296204249273394
2025-04-21 14:00:00,62.02,57.297952323067044
2025-04-21 14:30:00,44.33,76.83296328197602
2025-04-21 15:00:00,69.32,75.9271665498368
2025-04-21 15:30:00,59.11,94.8285895193726
2025-04-21 16:00:00,-6.7,96.60927265172941
2025-04-21 16:30:00,-24.65,64.6014418406557
2025-04-21 17:00:00,56.44,78.63089527026182
2025-04-21 17:30:00,77.09,110.39769646579104
2025-04-21 18:00:00,102.81,136.77947583828572
2025-04-21 18:30:00,105.82,163.94092976154246
2025-04-21 19:00:00,95.22,118.78053514604787
2025-04-21 19:30:00,82.63,107.79217355803833
2025-04-21 20:00:00,86.32,104.01031210423987
2025-04-21 20:30:00,80.88,102.90399376388054
2025-04-21 21:00:00,81.67,97.05674812226802
2025-04-21 21:30:00,74.15,95.18834500527389
2025-04-21 22:00:00,77.23,87.0040976448334
2025-04-21 22:30:00,85.05,97.4523928548604
2025-04-21 23:00:00,85.17,102.01403171105726
2025-04-21 23:30:00,85.83,102.50076198194922
2025-04-22 00:00:00,90.59,95.19150114179833
2025-04-22 00:30:00,82.39,95.07069416613801
2025-04-22 01:00:00,86.57,87.36397857999246
2025-04-22 01:30:00,80.75,92.93197411516054
2025-04-22 02:00:00,83.94,88.09719557664624
2025-04-22 02:30:00,79.5,90.66995349742862
2025-04-22 03:00:00,78.55,83.52704052677026
2025-04-22 03:30:00,89.13,82.87999329679842
2025-04-22 04:00:00,89.11,99.15270752183017
2025-04-22 04:30:00,77.67,98.10969462822915
2025-04-22 05:00:00,78.14,88.17725996258245
2025-04-22 05:30:00,76.37,93.4319874211718
2025-04-22 06:00:00,81.2,89.84707834236843
2025-04-22 06:30:00,116.59,105.96646582101774
2025-04-22 07:00:00,111.01,147.33664855779656
2025-04-22 07:30:00,75.62,138.28869419596288
2025-04-22 08:00:00,16.41,90.30302015073698
2025-04-22 08:30:00,10.82,53.68780837400518
2025-04-22 09:00:00,9.36,44.2407702087767
2025-04-22 09:30:00,35.86,42.32645512985288
2025-04-22 10:00:00,2.96,63.85811901288194
2025-04-22 10:30:00,-20.14,39.83222430722044
2025-04-22 11:00:00,0.17,22.365740324798992
2025-04-22 11:30:00,36.71,39.03230471829724
2025-04-22 12:00:00,34.37,63.90121778712764
2025-04-22 12:30:00,12.1,64.24283248766343
2025-04-22 13:00:00,73.7,51.73818379246873
2025-04-22 13:30:00,41.07,95.65535135347486
2025-04-22 14:00:00,33.05,72.02450612933411
2025-04-22 14:30:00,46.91,73.14944539281171
2025-04-22 15:00:00,49.25,82.3965914941346
2025-04-22 15:30:00,29.57,82.9094376653774
2025-04-22 16:00:00,88.47,74.93111138830602
2025-04-22 16:30:00,62.89,141.0000719866918
2025-04-22 17:00:00,100.15,118.18978899657233
2025-04-22 17:30:00,162.87,151.17660898770387
2025-04-22 18:00:00,268.58,220.87357609960472
2025-04-22 18:30:00,121.98,270.4699546544845
2025-04-22 19:00:00,87.19,139.69620751571824
2025-04-22 19:30:00,82.89,97.03141023465382
2025-04-22 20:00:00,71.99,94.94795868893786
2025-04-22 20:30:00,60.85,86.79773285888464
2025-04-22 21:00:00,66.39,75.89345536589207
2025-04-22 21:30:00,76.46,76.20281312123134
2025-04-22 22:00:00,78.52,84.80182956044695
2025-04-22 22:30:00,77.0,93.73195472489522
2025-04-22 23:00:00,69.66,84.05506516556335
2025-04-22 23:30:00,70.3,80.92097580536581
2025-04-23 00:00:00,63.73,81.77027530786249
2025-04-23 00:30:00,63.09,72.366501342104
2025-04-23 01:00:00,67.02,72.42570229010032
2025-04-23 01:30:00,55.78,81.01145170870426
2025-04-23 02:00:00,54.46,65.67390247349073
2025-04-23 02:30:00,55.79,64.48166045702455
2025-04-23 03:00:00,54.21,64.11673917000975
2025-04-23 03:30:00,56.84,63.43305919824903
2025-04-23 04:00:00,55.97,65.0900585485355
2025-04-23 04:30:00,59.32,61.84591262160421
2025-04-23 05:00:00,66.65,68.26775269357113
2025-04-23 05:30:00,71.58,82.2184896598238
2025-04-23 06:00:00,75.61,84.75830592325447
2025-04-23 06:30:00,79.71,95.39827700778484
2025-04-23 07:00:00,78.67,98.79686543826283
2025-04-23 07:30:00,53.85,92.85100901808939
2025-04-23 08:00:00,19.01,72.19112380221037
2025-04-23 08:30:00,18.74,54.33483005423833
2025-04-23 09:00:00,34.57,55.11864722004296
2025-04-23 09:30:00,66.5,62.365320101390616
2025-04-23 10:00:00,-0.87,80.59917045189255
2025-04-23 10:30:00,-10.1,38.36609192475212
2025-04-23 11:00:00,-19.19,33.958166182933674
2025-04-23 11:30:00,-17.51,20.80742333277045
2025-04-23 12:00:00,-17.62,34.55961684417599
2025-04-23 12:30:00,-10.66,31.764294555240106
2025-04-23 13:00:00,5.59,39.69922711101494
2025-04-23 13:30:00,48.03,50.48987698585265
2025-04-23 14:00:00,23.91,76.47886496556868
2025-04-23 14:30:00,42.86,65.43566278973451
2025-04-23 15:00:00,20.85,81.90952978531546
2025-04-23 15:30:00,47.9,65.3103577493986
2025-04-23 16:00:00,70.01,88.3233225486986
2025-04-23 16:30:00,93.26,114.37604387495857
2025-04-23 17:00:00,140.72,133.593793959217
2025-04-23 17:30:00,160.27,226.88810104263095
2025-04-23 18:00:00,159.22,231.93293724715633
2025-04-23 18:30:00,162.83,217.93186840671285
2025-04-23 19:00:00,145.77,176.34600686838596
2025-04-23 19:30:00,135.78,165.5260340631496
2025-04-23 20:00:00,123.07,145.85949162564054
2025-04-23 20:30:00,124.0,142.6144670126924
2025-04-23 21:00:00,120.3,140.01584677578805
2025-04-23 21:30:00,103.07,137.17603403120006
2025-04-23 22:00:00,93.84,117.36697339245973
2025-04-23 22:30:00,96.88,111.89669179054823
2025-04-23 23:00:00,103.65,118.24773787127327
2025-04-23 23:30:00,100.27,118.6661246768372
2025-04-24 00:00:00,89.49,108.83412567954142
2025-04-24 00:30:00,88.42,98.9697969112424
2025-04-24 01:00:00,89.78,97.94196250030313
2025-04-24 01:30:00,83.66,99.74845717117374
2025-04-24 02:00:00,84.47,88.79916997999258
2025-04-24 02:30:00,78.52,92.74722856300305
2025-04-24 03:00:00,76.75,85.73037969253262
2025-04-24 03:30:00,76.58,81.05105852197997
2025-04-24 04:00:00,75.35,85.76612416203383
2025-04-24 04:30:00,77.04,87.93512455991997
2025-04-24 05:00:00,77.71,86.49097305278966
2025-04-24 05:30:00,84.65,88.80978817357236
2025-04-24 06:00:00,89.02,100.34915565352067
2025-04-24 06:30:00,107.64,116.65275210937455
2025-04-24 07:00:00,104.09,127.182861996549
2025-04-24 07:30:00,70.1,122.78207017269068
2025-04-24 08:00:00,20.09,84.33624647349998
2025-04-24 08:30:00,34.92,56.465092788191235
2025-04-24 09:00:00,14.67,63.2315495571982
2025-04-24 09:30:00,42.86,40.88217573163776
2025-04-24 10:00:00,36.98,63.64332314195916
2025-04-24 10:30:00,1.58,59.10805845143411
2025-04-24 11:00:00,28.53,35.97074259274405
2025-04-24 11:30:00,29.51,47.10569798767138
2025-04-24 12:00:00,30.46,52.657479409568346
2025-04-24 12:30:00,29.64,55.43404963440474
2025-04-24 13:00:00,-9.86,52.36455064105833
2025-04-24 13:30:00,45.25,45.37975340845803
2025-04-24 14:00:00,13.18,70.50834571683123
2025-04-24 14:30:00,59.66,55.92515493036076
2025-04-24 15:00:00,48.52,97.27141899224377
2025-04-24 15:30:00,68.46,83.22372086130578
2025-04-24 16:00:00,66.59,105.16526687264411
2025-04-24 16:30:00,86.74,117.79362518438036
2025-04-24 17:00:00,140.29,126.30388975250212
2025-04-24 17:30:00,130.61,225.45921446249423
2025-04-24 18:00:00,130.2,201.5216900581117
2025-04-24 18:30:00,123.98,179.40308846763554
2025-04-24 19:00:00,117.48,139.49668766232415
2025-04-24 19:30:00,111.87,133.5686370371353
2025-04-24 20:00:00,96.15,125.334788661235
2025-04-24 20:30:00,88.16,114.02615108962135
2025-04-24 21:00:00,114.28,99.75160732852859
2025-04-24 21:30:00,110.5,132.4141574167854
2025-04-24 22:00:00,104.27,122.86440733823582
2025-04-24 22:30:00,125.13,123.42533155285585
2025-04-24 23:00:00,117.79,143.3666302497172
2025-04-24 23:30:00,118.35,133.7398933098335
2025-04-25 00:00:00,110.61,128.65116419787927
